feature,importance
GC_Sum,0.02793994599471033
QED_MW,0.02730462079213032
PC_HeavyAtomCount,0.02242023893671148
PC_NumAtoms,0.020314162132533432
QED_ALOGP,0.016750150239616197
PC_MolWt,0.016624489486542535
PC_FractionCSP3,0.016273314339751238
PC_LogP,0.014556670805945112
GC_Mean,0.013860914186091993
QED_HBD,0.013636424262367856
Avalon_402,0.013612229439373593
Avalon_275,0.013213056021310328
PC_RigidityProxy,0.013068680409179604
GC_Std,0.013053866768245947
Avalon_321,0.012097321655103816
Avalon_394,0.011540586146550427
QED_PSA,0.0110393622609202
GC_Max,0.010960275009697776
QED_ROTB,0.010857664803109162
PC_RotB,0.010696399169036575
Morgan_935,0.010620872813651651
Avalon_296,0.010146664005913466
PC_TPSA,0.010085452892877074
Avalon_300,0.010019364062784872
Avalon_213,0.009776290115730262
QED_HBA,0.008869644374418988
Morgan_12,0.008405871397708879
Avalon_50,0.007962673233585621
Morgan_616,0.007619792189799239
Morgan_897,0.007170253556837421
PC_HBA,0.0068182657914561936
Morgan_252,0.00674264663671454
Morgan_890,0.006463710940186464
GC_Min,0.006401356927232743
Morgan_291,0.0062898323603028964
Morgan_20,0.0062109401207036605
Morgan_303,0.0062013636862928104
PC_HBD,0.0058704418360914935
Morgan_1023,0.005506346539763007
Avalon_99,0.005198143527337457
Morgan_334,0.005157577375392905
Morgan_722,0.005128606871838485
Morgan_374,0.004927434286359255
Avalon_291,0.004881702121593139
Avalon_130,0.004839836955316168
Morgan_384,0.0046724128755934865
Morgan_5,0.004551046158724706
Avalon_430,0.0044439512134291145
Avalon_24,0.004345283150906054
Morgan_126,0.004250225557467898
Avalon_2,0.004189133564901993
Morgan_593,0.003925111478988271
Avalon_384,0.0037725821927396875
Morgan_475,0.0037260413782578138
Morgan_591,0.0036654023198515904
Morgan_821,0.003606615639415041
Avalon_325,0.0035617691418012433
Avalon_223,0.003499682215968988
Avalon_146,0.003440019026370696
Avalon_233,0.0034165330542477003
Avalon_124,0.00335658759846447
Avalon_427,0.0032974082856626163
Avalon_411,0.0032455768830959137
Morgan_164,0.0032298315387150633
Avalon_129,0.003224551632963315
Morgan_860,0.0031899504546817462
Morgan_420,0.0031898046640818026
Morgan_520,0.003133341642919618
Avalon_143,0.0030855299278153025
PC_Rings,0.003059703229546214
Morgan_598,0.003058170052879488
Avalon_32,0.0030550006985463137
Morgan_276,0.0030392296651473192
Morgan_857,0.0030333899830172783
Morgan_432,0.0030282981105320132
Morgan_781,0.003010364141656626
Morgan_736,0.002950217039116919
Morgan_395,0.0029252446956745098
Morgan_58,0.0028881717956946527
Avalon_278,0.0028612129880298378
Morgan_290,0.002850920705673424
Avalon_221,0.0028406446393858466
Avalon_162,0.002804622477661651
Morgan_483,0.002789652155769328
Morgan_419,0.002769274844437653
Morgan_148,0.00275494368538601
Morgan_512,0.002753580433359816
Avalon_26,0.002740387860672181
QED_ALERTS,0.002721726644626308
Morgan_791,0.002576200548645462
Avalon_483,0.002517015603926318
Morgan_618,0.0024594779858570833
Morgan_853,0.0024527043024698105
Morgan_949,0.0024479261301486544
Morgan_960,0.002353120171387263
Morgan_476,0.0023458218480354874
Morgan_820,0.0023272224517511026
Avalon_472,0.0023207315267685016
Avalon_367,0.0023022321300027217
Morgan_102,0.0022966514089661936
Morgan_114,0.0022874981585006833
Avalon_491,0.0022740201099360844
Morgan_889,0.002272675089128099
Morgan_903,0.002270640634513206
Morgan_493,0.0022704595229358065
Morgan_602,0.002244837432477774
Avalon_62,0.0022192701540121296
Avalon_294,0.0022134915548957575
Avalon_3,0.002183409031271919
Avalon_449,0.0021775780930503117
QED_AROM,0.0021713239804211776
Avalon_154,0.0021677907401745676
Morgan_734,0.0021673071433802567
Avalon_395,0.0021592199061711676
Avalon_324,0.0021543806258013496
Morgan_717,0.002140156924940985
Avalon_360,0.0021276744453571942
Avalon_443,0.002085297954044109
Avalon_53,0.002075099365415778
Morgan_218,0.002071021035968456
Morgan_285,0.0020675107601063956
Morgan_981,0.002049541209845124
Morgan_559,0.002012923498005078
Morgan_203,0.001955841812947206
Avalon_101,0.0019132974418579502
Morgan_338,0.00190996074674241
Morgan_317,0.0019069957772039831
Morgan_955,0.0018846868436230044
Morgan_428,0.001876711403609018
Avalon_206,0.0018716134363955654
Avalon_177,0.0018710910506104335
Morgan_26,0.00186139330020545
Morgan_445,0.0018416857818908514
Morgan_284,0.001839414337581398
Avalon_31,0.001812325399176421
Avalon_115,0.0018016701078239622
Morgan_841,0.001794452483759034
Morgan_259,0.001790918035520625
Morgan_1007,0.0017496042061519834
Morgan_510,0.001728483360645818
Morgan_363,0.0016923407497011441
Morgan_846,0.0016856958833742586
Avalon_314,0.001655747366735596
Avalon_328,0.0016537957182637712
Morgan_1004,0.0016455736794435264
Morgan_731,0.0016411523409316211
Morgan_950,0.0016379512404601808
Avalon_246,0.0016378729610354661
Morgan_294,0.00162728936679401
Morgan_695,0.0015910411974248565
Morgan_705,0.0015759575184304262
Morgan_669,0.0015631089506571382
Morgan_13,0.0015622802378334388
Morgan_551,0.0015589572370967148
Avalon_473,0.0015563475942885433
Avalon_487,0.001540855715497312
Morgan_831,0.001527582330707143
Morgan_702,0.001504507810666792
Avalon_116,0.001483854762727764
Avalon_330,0.0014786800168431968
Morgan_749,0.00146865891071703
Avalon_122,0.0014664804802946585
Avalon_463,0.0014661008623660676
Morgan_730,0.0014658524081744833
Morgan_63,0.0014640651591360503
Avalon_22,0.001446972487511047
Morgan_643,0.0014367179159421209
Avalon_286,0.001429724030308101
Morgan_816,0.0014268659973094861
Avalon_185,0.0014255813443441595
Morgan_514,0.0013944356105893157
Morgan_852,0.001390390052836853
Morgan_108,0.0013854030391556812
Morgan_220,0.0013819639253763783
Morgan_673,0.00137195384035658
Avalon_131,0.0013650994481349988
Avalon_178,0.0013631424169356868
Morgan_634,0.0013628544451254104
Morgan_458,0.00135824257552137
Avalon_306,0.0013548780138443522
Morgan_926,0.0013521720107071392
Morgan_416,0.0013436205061915785
Morgan_51,0.0013198783834376233
Morgan_320,0.0013181163170462905
Avalon_423,0.001315532506164965
Avalon_170,0.0013110271111972515
Morgan_626,0.001308242639090242
Morgan_608,0.0013074174002639454
Morgan_728,0.001278386353368442
Morgan_36,0.0012406001222767698
Morgan_825,0.001227816794148959
Morgan_250,0.0012248063984442543
Morgan_335,0.0011895945032403153
Morgan_606,0.001188554367580517
Morgan_389,0.0011882267496817127
Morgan_578,0.001177960150060876
Morgan_766,0.0011752191325556192
Morgan_263,0.0011722562453884862
Morgan_231,0.0011560954268073351
Morgan_718,0.0011499497142539886
Morgan_667,0.0011401303761357899
Morgan_875,0.001124977458601852
Morgan_342,0.0010988347315624908
Morgan_121,0.0010975558258333115
Avalon_137,0.001096462281974764
Avalon_358,0.0010919734952164301
Avalon_409,0.0010905503340357613
Morgan_297,0.001089777978128873
Morgan_795,0.001086694243004537
Morgan_713,0.0010817302639111338
Avalon_458,0.0010691465081014838
Avalon_161,0.0010668392566373578
Avalon_383,0.001061933663866328
Morgan_659,0.0010476151564077056
Avalon_415,0.0010463727601520067
Morgan_703,0.0010392562514345957
Avalon_331,0.0010374071597663245
Morgan_894,0.0010206817016379334
Morgan_966,0.001002325047822567
Morgan_565,0.0010012131101196124
Morgan_527,0.0010011962246897382
Morgan_196,0.0010006117421052297
Morgan_490,0.000996290281834054
Avalon_368,0.0009923572613091845
Morgan_560,0.0009901915442715717
Morgan_289,0.0009853298644740727
Morgan_213,0.0009802456871974715
Morgan_946,0.0009791951344447426
Avalon_377,0.0009788964847828483
Morgan_823,0.0009706803001950947
Morgan_745,0.0009689327780105603
Morgan_309,0.0009462946041799305
Morgan_478,0.0009455386386802903
Avalon_128,0.0009449513793460803
Morgan_169,0.0009430846676253963
Avalon_454,0.000942430649442601
Avalon_43,0.0009220349894991012
Avalon_256,0.0009200591487241175
Avalon_142,0.0009192270478980559
Avalon_263,0.0009152523321634794
Morgan_354,0.000915041624949767
Avalon_436,0.0009080943579897039
Morgan_424,0.0008992288610904841
Avalon_98,0.0008991759043036631
Avalon_203,0.0008867697244386506
Morgan_543,0.0008856033273351633
Avalon_335,0.0008823844712541398
Avalon_329,0.0008818474281670133
Avalon_102,0.0008606798046643234
Morgan_822,0.0008603462201933229
Morgan_427,0.0008517195215929125
Morgan_407,0.0008494663718785544
Avalon_318,0.000847679474474603
Morgan_943,0.0008448905420586315
Avalon_184,0.0008357291670559874
Morgan_762,0.0008330470130040493
Morgan_474,0.0008325201570465755
Avalon_109,0.0008299302129551516
Morgan_274,0.0008274023747243437
Morgan_569,0.0008242691741509284
Avalon_461,0.0008144476532232225
Morgan_277,0.0008139011127025553
Avalon_231,0.0008136670266524469
Avalon_47,0.0008030632956014808
Avalon_313,0.0008009595579683256
Morgan_197,0.0007990947458689596
Morgan_548,0.0007906202122206293
Avalon_249,0.000787975455038654
Avalon_448,0.0007849899894044387
Avalon_169,0.0007847214427514278
Morgan_933,0.0007759239984143242
Avalon_390,0.0007707983158132492
Avalon_132,0.0007663457819079457
Morgan_983,0.0007657652880460112
Morgan_134,0.0007574849793194642
Morgan_253,0.0007564619328762938
Morgan_452,0.0007502028866036758
Morgan_597,0.0007474820069310946
Morgan_956,0.000736906174894513
Avalon_373,0.0007249119206022602
Morgan_42,0.0007127911057031292
Morgan_409,0.0007106001494482961
Avalon_72,0.000703718093716385
Morgan_810,0.0007006608965541961
Avalon_365,0.0006978955410690647
Avalon_204,0.0006948663239584364
Morgan_744,0.0006849612913876935
Avalon_468,0.000680607412354598
Morgan_344,0.000675450978101355
Morgan_2,0.0006747340807284326
Avalon_467,0.000674722508358071
Morgan_804,0.0006668656937699963
Morgan_494,0.0006560592168858923
Avalon_369,0.0006558904454625769
Morgan_322,0.0006533593216096905
Avalon_120,0.0006523142739892827
Morgan_649,0.0006514988119976148
Morgan_4,0.0006409522308402043
Avalon_343,0.0006352049666853627
Avalon_253,0.0006315663769695291
Avalon_282,0.0006309854332068409
Morgan_449,0.0006293691235225729
Morgan_244,0.0006253969983501271
Morgan_754,0.0006142086726873842
Morgan_1018,0.0006105424363114766
Avalon_348,0.0006097956587011203
Avalon_191,0.0006060955428330759
Morgan_707,0.0006058604615200051
Morgan_200,0.0006029109258859471
Morgan_15,0.0006013787110834336
Morgan_392,0.0005993590614732232
Morgan_193,0.0005945345486275729
Morgan_402,0.0005921714569351068
Morgan_227,0.0005910349034863902
Morgan_592,0.0005887089316124679
Morgan_378,0.0005885778049294958
Avalon_17,0.0005880959970190456
Avalon_364,0.0005865404431176106
Avalon_140,0.000576999646088182
Morgan_62,0.0005747472574599261
Morgan_376,0.0005733000778135546
Avalon_171,0.0005731924972633392
Morgan_236,0.0005726812626575795
Avalon_379,0.0005709912776386487
Avalon_495,0.0005701830624527013
Avalon_18,0.0005658118935697318
Avalon_272,0.000558245612767162
Morgan_770,0.0005560504151056369
Avalon_164,0.0005552751187337905
Avalon_440,0.0005499224032698894
Morgan_92,0.0005396920202856872
Morgan_398,0.0005382233753041271
Morgan_698,0.0005332511521230253
Morgan_125,0.0005310200942689636
Avalon_401,0.0005306912590469265
Morgan_138,0.0005253485712552027
Avalon_492,0.0005248773563809973
Morgan_873,0.0005235195743757394
Morgan_433,0.0005135352775411254
Morgan_524,0.0005133557214068798
Morgan_94,0.0005095670630884781
Avalon_123,0.0005064806494230848
Morgan_600,0.0005005721086761288
Morgan_794,0.0004899633228497635
Avalon_19,0.00048823921691149507
Morgan_719,0.0004834759693371657
Morgan_941,0.0004785209630485058
Morgan_767,0.00047740289083995793
Morgan_863,0.00047520965209318325
Morgan_670,0.0004698385991632794
Avalon_341,0.00046685985725077874
Morgan_623,0.0004655075532252434
Avalon_277,0.00046292596493307213
Morgan_16,0.0004561171400212561
Morgan_666,0.0004523700646093656
Morgan_56,0.0004506487860392639
Morgan_361,0.00044552324668459064
Morgan_836,0.00043572768230207086
Avalon_357,0.00043278164713675323
Morgan_708,0.00043063736654704965
Morgan_399,0.00042869802084537884
Morgan_306,0.00042138625669466676
Morgan_692,0.00041909956730131403
Morgan_540,0.0004152002757994104
Morgan_435,0.0004129711126994609
Morgan_934,0.0004115341317783338
Avalon_188,0.0004110093309790615
Morgan_884,0.0004098197036055741
Morgan_41,0.0003982355579860572
Morgan_109,0.0003891096079070163
Avalon_202,0.00038868928141350204
Morgan_266,0.0003865167782285612
Morgan_337,0.00038396131320276786
Avalon_133,0.00038313422774294894
Morgan_492,0.0003830476510393438
Morgan_544,0.0003797936424617718
Avalon_320,0.00037776309831307
Morgan_216,0.0003765291639357501
Avalon_372,0.00037593731768120005
Avalon_376,0.0003708071911629116
Avalon_266,0.0003624529357139875
Morgan_878,0.00036067177413308534
Morgan_251,0.00035793909952580783
Morgan_268,0.00035471172594806697
Morgan_29,0.00035301267423887235
Avalon_292,0.0003472369787237597
Morgan_954,0.0003451160812395158
Morgan_366,0.00034479727162887677
Morgan_930,0.0003400091003256456
Morgan_968,0.0003367829741009311
Avalon_481,0.00033586501738646463
Morgan_579,0.0003356794307102075
Avalon_441,0.000332200951662136
Morgan_120,0.00032995462674822925
Morgan_561,0.0003294524248754123
Avalon_317,0.00032860772052324927
Morgan_1006,0.00032564255032910895
Avalon_397,0.00032509733654637453
Morgan_508,0.0003194813422658414
Avalon_96,0.00031810720694770543
Avalon_106,0.0003172377654803389
Morgan_536,0.00031637628190824224
Avalon_33,0.0003163659784263702
Morgan_222,0.0003144823770690345
Morgan_726,0.00031398292748417174
Avalon_242,0.00031277865865091055
Morgan_481,0.0003126821572151653
Avalon_400,0.00031210700452505036
Avalon_27,0.00030766512010304
Morgan_249,0.00030704546770442834
Morgan_219,0.0003068519434968246
Avalon_16,0.0003049059197008331
Avalon_305,0.00030454370008108534
Morgan_674,0.00030307987644944816
Morgan_461,0.0003023821185338129
Morgan_671,0.0003023549436494453
Morgan_848,0.00030210638570988033
Morgan_859,0.0002995415465368626
Avalon_283,0.00029195012003087545
Avalon_207,0.0002914529790656818
Morgan_614,0.0002910847224784187
Morgan_523,0.00028948879293019055
Avalon_78,0.0002853435503560197
Morgan_61,0.00028019733430299727
Morgan_855,0.0002794779475035554
Avalon_508,0.00027807088830800647
Morgan_725,0.00026649096412856754
Avalon_35,0.00026628790597893974
Morgan_71,0.00026427305804515455
Avalon_498,0.00026317379038490776
Morgan_460,0.00026088624288502714
Avalon_37,0.00026035017689101704
Morgan_360,0.0002569099606385637
Morgan_958,0.00025656044380843317
Morgan_799,0.0002504586202191551
Avalon_91,0.00024868493772961053
Morgan_896,0.00024860599305875415
Avalon_95,0.0002461606371109374
Morgan_805,0.00024459780496586153
Morgan_980,0.00024204597967581232
Morgan_34,0.00024186140473997323
Morgan_832,0.00024145031648452827
Morgan_854,0.00024046708325855336
Morgan_132,0.00023793853373201907
Morgan_685,0.00023766362440424493
Avalon_8,0.0002375437340804823
Morgan_190,0.00023696046670965872
Avalon_392,0.00023514525988026192
Morgan_530,0.0002328872474442349
Morgan_887,0.00023102384005799437
Avalon_39,0.0002307552996152221
Morgan_230,0.0002304102031660797
Morgan_64,0.00022954962732528033
Morgan_93,0.00022790851206721226
Morgan_175,0.00022749848712296433
Morgan_242,0.00022719801314496007
Morgan_603,0.0002248236720349305
Morgan_79,0.00022375433364061733
Morgan_994,0.00022342400926164018
Morgan_997,0.00022102494468445412
Morgan_206,0.00021820041730876268
Avalon_477,0.00021723690959569338
Morgan_573,0.0002165972915917296
Avalon_196,0.000213845394987619
Morgan_362,0.00021168154361393118
Avalon_499,0.00021079880210076246
Morgan_156,0.00020842808311415283
Morgan_328,0.00020794969013134763
Morgan_677,0.00020477327921760162
Morgan_793,0.00020469636648245832
Avalon_105,0.00020332422668148782
Morgan_739,0.0002014657493493126
Avalon_189,0.0001993635659406525
Morgan_165,0.00019866362913986482
Morgan_938,0.0001975792616606675
Morgan_381,0.00019480623684740197
Avalon_309,0.00019224417732362892
Morgan_305,0.0001912488768211233
Avalon_273,0.00019065812370957288
Avalon_288,0.00018855501307195527
Morgan_228,0.00018834151547249928
Morgan_610,0.000187316947016077
Morgan_589,0.00018708013450186806
Avalon_351,0.00018654908356646128
Avalon_134,0.00018575436570290887
Avalon_433,0.00018550821543356836
Avalon_388,0.00018477099313831625
Avalon_339,0.00018375748014060444
Morgan_413,0.0001823497339444433
Morgan_992,0.0001797713770000793
Morgan_881,0.00017933217571721802
Avalon_480,0.00017825442456142248
Avalon_302,0.0001753348437951614
Morgan_232,0.00017473197947847065
Morgan_641,0.00017338920430719123
Morgan_511,0.0001718477898771651
Avalon_187,0.00016911631895074805
Avalon_308,0.00016908120283435572
Morgan_680,0.00016712635270399443
Avalon_347,0.00016522859803703364
Avalon_417,0.00016333551370700529
Morgan_783,0.0001619883798520006
Avalon_48,0.0001605190140117899
Avalon_197,0.00015999017864634407
Morgan_86,0.0001589534267086439
Morgan_269,0.0001584338441499508
Morgan_636,0.00015761959572500962
Morgan_627,0.000157151493156769
Morgan_710,0.00015623451464588328
Avalon_332,0.00015533101099884418
Morgan_813,0.00015401629220824
Morgan_119,0.0001533197375324187
Morgan_640,0.00015144141368877138
Morgan_355,0.0001504872147866056
Avalon_398,0.00014900829685505807
Avalon_156,0.00014802233769794314
Avalon_500,0.00014720709687177035
Morgan_310,0.00014697565395831467
Morgan_796,0.0001460927522999889
Morgan_840,0.00014280433199230182
Avalon_183,0.00014205394778436182
Morgan_465,0.00014132739359907598
Morgan_691,0.0001412636792321966
Avalon_315,0.00014088426707229045
Morgan_76,0.00014058246126901348
Avalon_83,0.00014036703142997363
Avalon_139,0.0001403485733028303
Morgan_1012,0.00014014403075661422
Avalon_1,0.0001396526444960618
Avalon_421,0.0001393293733525482
Avalon_420,0.00013793676139856333
Avalon_466,0.000134903828405244
Morgan_880,0.0001348709180656752
Avalon_126,0.00013321107216114901
Avalon_311,0.00013297773590197385
Morgan_295,0.00013280733627943315
Morgan_639,0.00013268701752036844
Avalon_160,0.00013182182241212466
Morgan_186,0.00013153286393317477
Morgan_789,0.00013101658900060642
Morgan_759,0.0001309978958143603
Morgan_500,0.00013095735234480423
Avalon_217,0.00013080410767628232
Avalon_55,0.00013010432072021425
Morgan_965,0.00012968459553147296
Morgan_999,0.00012776494879900517
Morgan_221,0.0001268730077191946
Avalon_75,0.00012578522242639284
Morgan_918,0.0001251818158049547
Avalon_333,0.00012473288391355765
Morgan_83,0.00012281783932545237
Avalon_502,0.0001224282751623736
Morgan_96,0.00012083503718418735
Avalon_71,0.0001207736723526288
Morgan_3,0.00012060444282339349
Morgan_160,0.00012025151874926158
Avalon_209,0.00011875352842571019
Avalon_414,0.00011875007154965693
Morgan_517,0.00011865765723236062
Avalon_406,0.00011672839892467751
Avalon_216,0.00011654266042857371
Morgan_273,0.00011616180238232448
Morgan_750,0.00011525918077562054
Avalon_484,0.00011110137874499091
Morgan_46,0.00011054515109612809
Avalon_54,0.00011012830737660201
Morgan_31,0.00010972968906195934
Avalon_56,0.00010954011070752076
Avalon_469,0.00010938879670297683
Morgan_913,0.00010879512154846825
Morgan_748,0.00010826557263417639
Morgan_895,0.00010511461726226655
Avalon_36,0.00010215083734908147
Avalon_243,0.00010205562261486178
Morgan_870,0.00010197366899891781
Avalon_319,0.00010158632874864055
Morgan_185,0.000100804613200294
Avalon_238,9.970981881134841e-05
Morgan_928,9.930930132790033e-05
Avalon_276,9.904155580335999e-05
Morgan_117,9.852345367246126e-05
Avalon_240,9.770158879759173e-05
Avalon_405,9.620182230756795e-05
Avalon_261,9.580767991759106e-05
Avalon_141,9.559298641786127e-05
Morgan_144,9.558699287993428e-05
Morgan_107,9.395757585948494e-05
Morgan_53,9.241408646703431e-05
Avalon_157,9.232854250311558e-05
Morgan_1022,9.157296671924347e-05
Avalon_257,9.129618314996167e-05
Morgan_280,9.015635097659274e-05
Morgan_410,8.920245038820777e-05
Morgan_21,8.891623058693498e-05
Morgan_972,8.686051948212885e-05
Morgan_91,8.49096918368249e-05
Avalon_234,8.476040576212119e-05
Morgan_351,8.423815284042802e-05
Morgan_699,8.383425179104835e-05
Avalon_168,8.15068692095873e-05
Morgan_247,8.034563006795398e-05
Morgan_533,8.02710989382761e-05
Morgan_350,7.985801290999956e-05
Morgan_124,7.9738417560656e-05
Morgan_333,7.967878364786313e-05
Avalon_148,7.965061688749692e-05
Avalon_391,7.720256540617615e-05
Avalon_79,7.595853308150053e-05
Avalon_370,7.491833189593863e-05
Morgan_824,7.426802483670496e-05
Morgan_656,7.364620765141794e-05
Avalon_103,7.324498298332257e-05
Morgan_115,7.314941249822911e-05
Avalon_511,7.296280248235959e-05
Morgan_911,7.285889335543702e-05
Morgan_292,7.218483906914623e-05
Morgan_688,7.112676515102331e-05
Morgan_188,7.10890356279716e-05
Morgan_464,7.103374920475544e-05
Avalon_307,7.069287806037246e-05
Avalon_268,6.998373935702425e-05
Avalon_326,6.940523749620629e-05
Avalon_30,6.880152191972277e-05
Avalon_6,6.774821026081455e-05
Morgan_436,6.367937337558257e-05
Morgan_961,6.363013705899043e-05
Morgan_73,6.180131501416829e-05
Morgan_915,5.964770489221814e-05
Morgan_357,5.925028443653284e-05
Avalon_23,5.819680427999362e-05
Morgan_877,5.6401035527266687e-05
Morgan_689,5.570318699750675e-05
Morgan_790,5.264350129186429e-05
Avalon_432,5.192175118422098e-05
Avalon_346,5.1832967419746384e-05
Morgan_245,5.078576820031838e-05
Morgan_44,5.0501111855557175e-05
Avalon_412,5.0260827426461565e-05
Morgan_613,5.0217761160336736e-05
Morgan_694,5.0128517161479357e-05
Avalon_298,4.989726435412092e-05
Morgan_738,4.889666774480273e-05
Avalon_381,4.86239049787667e-05
Avalon_437,4.838289021769154e-05
Avalon_297,4.834130114913952e-05
Avalon_455,4.830467724185973e-05
Morgan_806,4.723588356787207e-05
Avalon_195,4.543566908567344e-05
Avalon_279,4.408907274298017e-05
Avalon_366,4.3688476590013425e-05
Morgan_456,4.280625410621591e-05
Morgan_81,4.1300889963689916e-05
Morgan_849,4.067962563870682e-05
Morgan_48,4.046230320897991e-05
Avalon_127,4.012346765543566e-05
Morgan_764,3.9032284343878977e-05
Morgan_885,3.884625030080595e-05
Avalon_227,3.850808850453896e-05
Morgan_153,3.799478685017512e-05
Avalon_316,3.7392462852819674e-05
Morgan_835,3.507518801165792e-05
Morgan_588,3.4186757239518276e-05
Morgan_899,3.376380866297382e-05
Morgan_112,3.252022472574981e-05
Morgan_861,3.19170895447415e-05
Morgan_393,3.078389397055067e-05
Morgan_370,3.0664435638716144e-05
Avalon_442,2.9147354635940325e-05
Morgan_625,2.856141330079092e-05
Morgan_167,2.821381044468932e-05
Avalon_244,2.734076139503851e-05
Avalon_396,2.62408094618676e-05
Morgan_235,2.6188801806746493e-05
Morgan_315,2.570580560619332e-05
Morgan_562,2.50053476826277e-05
Avalon_507,2.4726434836798218e-05
Avalon_166,2.4301157201842265e-05
Morgan_904,2.4220337016174975e-05
Avalon_485,2.2962074559753155e-05
Morgan_575,2.2112505815975155e-05
Avalon_439,2.0269924518008016e-05
Morgan_776,1.8332674277393767e-05
Morgan_977,1.6932337005460894e-05
Morgan_47,1.6557662396824445e-05
Avalon_194,1.638054162924115e-05
Morgan_800,1.5355369226995618e-05
Morgan_136,1.5075591437837358e-05
Morgan_168,1.4492718143489069e-05
Avalon_163,1.4109244777828183e-05
Morgan_408,1.2728860758851434e-05
Morgan_308,1.1819051495034419e-05
Avalon_422,1.1056035702203416e-05
Avalon_28,1.0724174834247365e-05
Morgan_874,1.0449889268368794e-05
Avalon_352,1.0293239417730126e-05
Avalon_353,9.620736895292166e-06
Morgan_693,8.836813448361323e-06
Morgan_139,6.132815949959807e-06
Avalon_462,5.927905974092392e-06
Avalon_10,5.505959611722712e-06
Avalon_290,5.4814428121320664e-06
Avalon_229,5.095721949774319e-06
Morgan_645,4.980973274406304e-06
Morgan_817,3.5137153740910556e-06
Morgan_724,3.240439680144232e-06
Morgan_104,1.0658893498064237e-06
Morgan_528,1.0024890067638792e-06
Avalon_445,7.916159963288418e-07
Morgan_531,4.3137488673225804e-07
Avalon_435,4.8349520959436596e-18
Avalon_159,3.7444048243311694e-18
Avalon_41,3.369564663543219e-18
Avalon_247,1.7351620012114125e-18
Avalon_64,1.6130884374411177e-18
Morgan_287,1.466522057701485e-18
Morgan_440,1.3735389164234177e-18
Morgan_505,8.884582407917371e-19
Avalon_482,7.693555906225058e-19
Morgan_11,4.987956026245662e-19
Morgan_714,4.248340292225052e-19
Avalon_382,3.754412831227564e-19
Avalon_68,2.41741006781974e-19
Avalon_475,1.9310637691932054e-19
Morgan_545,1.8806378100408689e-19
Morgan_985,1.0503732695878057e-19
Morgan_773,5.805108636406367e-20
Morgan_651,0.0
Morgan_652,0.0
Morgan_653,0.0
Morgan_654,0.0
Morgan_655,0.0
Morgan_657,0.0
Morgan_658,0.0
Morgan_660,0.0
Morgan_661,0.0
Morgan_662,0.0
Morgan_663,0.0
Morgan_664,0.0
Morgan_665,0.0
Morgan_620,0.0
Morgan_621,0.0
Morgan_622,0.0
Morgan_624,0.0
Morgan_628,0.0
Morgan_629,0.0
Morgan_630,0.0
Morgan_631,0.0
Morgan_632,0.0
Morgan_599,0.0
Morgan_668,0.0
Morgan_672,0.0
Morgan_675,0.0
Morgan_676,0.0
Morgan_684,0.0
Morgan_601,0.0
Morgan_604,0.0
Morgan_605,0.0
Morgan_607,0.0
Morgan_609,0.0
Morgan_611,0.0
Morgan_612,0.0
Morgan_580,0.0
Morgan_581,0.0
Morgan_686,0.0
Morgan_687,0.0
Morgan_690,0.0
Morgan_696,0.0
Morgan_697,0.0
Morgan_103,0.0
Morgan_712,0.0
Morgan_715,0.0
Morgan_716,0.0
Morgan_700,0.0
Morgan_701,0.0
Morgan_704,0.0
Morgan_706,0.0
Morgan_709,0.0
Morgan_711,0.0
Morgan_88,0.0
Morgan_89,0.0
Morgan_90,0.0
Morgan_682,0.0
Morgan_683,0.0
Morgan_584,0.0
Morgan_585,0.0
Morgan_586,0.0
Morgan_587,0.0
Morgan_590,0.0
Morgan_594,0.0
Morgan_595,0.0
Morgan_596,0.0
Morgan_563,0.0
Morgan_564,0.0
Morgan_97,0.0
Morgan_98,0.0
Morgan_99,0.0
Morgan_100,0.0
Morgan_101,0.0
Morgan_752,0.0
Morgan_753,0.0
Morgan_755,0.0
Morgan_720,0.0
Morgan_721,0.0
Morgan_723,0.0
Morgan_727,0.0
Morgan_729,0.0
Morgan_732,0.0
Morgan_733,0.0
Morgan_735,0.0
Morgan_737,0.0
Morgan_95,0.0
Morgan_582,0.0
Morgan_583,0.0
Morgan_568,0.0
Morgan_570,0.0
Morgan_571,0.0
Morgan_572,0.0
Morgan_574,0.0
Morgan_576,0.0
Morgan_577,0.0
Morgan_546,0.0
Morgan_547,0.0
Morgan_742,0.0
Morgan_743,0.0
Morgan_746,0.0
Morgan_747,0.0
Morgan_751,0.0
Morgan_787,0.0
Morgan_788,0.0
Morgan_756,0.0
Morgan_757,0.0
Morgan_758,0.0
Morgan_760,0.0
Morgan_761,0.0
Morgan_763,0.0
Morgan_765,0.0
Morgan_768,0.0
Morgan_769,0.0
Morgan_771,0.0
Morgan_740,0.0
Morgan_741,0.0
Morgan_566,0.0
Morgan_567,0.0
Morgan_801,0.0
Morgan_802,0.0
Morgan_803,0.0
Morgan_772,0.0
Morgan_774,0.0
Morgan_775,0.0
Morgan_777,0.0
Morgan_778,0.0
Morgan_779,0.0
Morgan_780,0.0
Morgan_782,0.0
Morgan_784,0.0
Morgan_785,0.0
Morgan_786,0.0
Morgan_792,0.0
Morgan_549,0.0
Morgan_550,0.0
Morgan_552,0.0
Morgan_553,0.0
Morgan_554,0.0
Morgan_555,0.0
Morgan_556,0.0
Morgan_557,0.0
Morgan_558,0.0
Morgan_529,0.0
Morgan_797,0.0
Morgan_798,0.0
Morgan_534,0.0
Morgan_535,0.0
Morgan_537,0.0
Morgan_538,0.0
Morgan_539,0.0
Morgan_541,0.0
Morgan_542,0.0
Morgan_513,0.0
Morgan_809,0.0
Morgan_811,0.0
Morgan_812,0.0
Morgan_814,0.0
Morgan_815,0.0
Morgan_818,0.0
Morgan_819,0.0
Morgan_856,0.0
Morgan_858,0.0
Morgan_826,0.0
Morgan_827,0.0
Morgan_828,0.0
Morgan_829,0.0
Morgan_830,0.0
Morgan_833,0.0
Morgan_834,0.0
Morgan_837,0.0
Morgan_838,0.0
Morgan_839,0.0
Morgan_807,0.0
Morgan_808,0.0
Morgan_532,0.0
Morgan_844,0.0
Morgan_515,0.0
Morgan_516,0.0
Morgan_518,0.0
Morgan_519,0.0
Morgan_521,0.0
Morgan_522,0.0
Morgan_525,0.0
Morgan_526,0.0
Morgan_110,0.0
Morgan_111,0.0
Morgan_845,0.0
Morgan_847,0.0
Morgan_850,0.0
Morgan_851,0.0
Morgan_74,0.0
Morgan_75,0.0
Morgan_77,0.0
Morgan_862,0.0
Morgan_864,0.0
Morgan_865,0.0
Morgan_866,0.0
Morgan_867,0.0
Morgan_868,0.0
Morgan_869,0.0
Morgan_871,0.0
Morgan_872,0.0
Morgan_876,0.0
Morgan_842,0.0
Morgan_843,0.0
Morgan_893,0.0
Morgan_879,0.0
Morgan_113,0.0
Morgan_116,0.0
Morgan_118,0.0
Morgan_504,0.0
Morgan_506,0.0
Morgan_507,0.0
Morgan_509,0.0
Morgan_495,0.0
Morgan_882,0.0
Morgan_883,0.0
Morgan_886,0.0
Morgan_72,0.0
Morgan_905,0.0
Morgan_906,0.0
Morgan_907,0.0
Morgan_908,0.0
Morgan_909,0.0
Morgan_910,0.0
Morgan_912,0.0
Morgan_78,0.0
Morgan_80,0.0
Morgan_82,0.0
Morgan_84,0.0
Morgan_85,0.0
Morgan_87,0.0
Morgan_888,0.0
Morgan_891,0.0
Morgan_892,0.0
Morgan_496,0.0
Morgan_497,0.0
Morgan_498,0.0
Morgan_499,0.0
Morgan_501,0.0
Morgan_502,0.0
Morgan_503,0.0
Morgan_105,0.0
Morgan_106,0.0
Morgan_473,0.0
Morgan_477,0.0
Morgan_900,0.0
Morgan_901,0.0
Morgan_902,0.0
Morgan_944,0.0
Morgan_945,0.0
Morgan_914,0.0
Morgan_916,0.0
Morgan_917,0.0
Morgan_919,0.0
Morgan_920,0.0
Morgan_921,0.0
Morgan_922,0.0
Morgan_923,0.0
Morgan_924,0.0
Morgan_925,0.0
Morgan_927,0.0
Morgan_929,0.0
Morgan_898,0.0
Morgan_480,0.0
Morgan_482,0.0
Morgan_484,0.0
Morgan_485,0.0
Morgan_486,0.0
Morgan_487,0.0
Morgan_488,0.0
Morgan_489,0.0
Morgan_491,0.0
Morgan_457,0.0
Morgan_459,0.0
Morgan_936,0.0
Morgan_937,0.0
Morgan_939,0.0
Morgan_940,0.0
Morgan_942,0.0
Morgan_978,0.0
Morgan_979,0.0
Morgan_982,0.0
Morgan_947,0.0
Morgan_948,0.0
Morgan_951,0.0
Morgan_952,0.0
Morgan_953,0.0
Morgan_957,0.0
Morgan_959,0.0
Morgan_962,0.0
Morgan_963,0.0
Morgan_964,0.0
Morgan_931,0.0
Morgan_932,0.0
Morgan_479,0.0
Morgan_989,0.0
Morgan_990,0.0
Morgan_991,0.0
Morgan_993,0.0
Morgan_995,0.0
Morgan_996,0.0
Morgan_998,0.0
Morgan_967,0.0
Morgan_969,0.0
Morgan_970,0.0
Morgan_971,0.0
Morgan_973,0.0
Morgan_974,0.0
Morgan_975,0.0
Morgan_976,0.0
Morgan_986,0.0
Morgan_462,0.0
Morgan_463,0.0
Morgan_466,0.0
Morgan_467,0.0
Morgan_468,0.0
Morgan_469,0.0
Morgan_470,0.0
Morgan_471,0.0
Morgan_472,0.0
Morgan_441,0.0
Morgan_442,0.0
Morgan_987,0.0
Morgan_988,0.0
Avalon_12,0.0
Morgan_1000,0.0
Morgan_1001,0.0
Morgan_1002,0.0
Morgan_1003,0.0
Morgan_1005,0.0
Morgan_1008,0.0
Morgan_1009,0.0
Morgan_1010,0.0
Morgan_1011,0.0
Morgan_1013,0.0
Morgan_1014,0.0
Morgan_1015,0.0
Morgan_1016,0.0
Morgan_1017,0.0
Morgan_984,0.0
Morgan_448,0.0
Morgan_450,0.0
Morgan_451,0.0
Morgan_453,0.0
Morgan_454,0.0
Morgan_455,0.0
Morgan_422,0.0
Morgan_423,0.0
Morgan_1021,0.0
Avalon_0,0.0
Avalon_4,0.0
Avalon_5,0.0
Avalon_7,0.0
Avalon_9,0.0
Avalon_11,0.0
Avalon_29,0.0
Avalon_13,0.0
Avalon_14,0.0
Avalon_15,0.0
Avalon_20,0.0
Avalon_21,0.0
Morgan_57,0.0
Morgan_59,0.0
Morgan_60,0.0
Morgan_1019,0.0
Morgan_1020,0.0
Morgan_443,0.0
Morgan_444,0.0
Morgan_446,0.0
Morgan_447,0.0
Morgan_430,0.0
Morgan_431,0.0
Morgan_434,0.0
Morgan_437,0.0
Morgan_438,0.0
Morgan_439,0.0
Morgan_404,0.0
Morgan_405,0.0
Morgan_406,0.0
Morgan_65,0.0
Morgan_66,0.0
Morgan_67,0.0
Morgan_68,0.0
Morgan_69,0.0
Morgan_70,0.0
Avalon_25,0.0
Avalon_65,0.0
Avalon_66,0.0
Avalon_67,0.0
Avalon_493,0.0
Avalon_34,0.0
Avalon_38,0.0
Avalon_40,0.0
Avalon_476,0.0
Avalon_42,0.0
Avalon_44,0.0
Avalon_45,0.0
Avalon_46,0.0
Avalon_49,0.0
Morgan_425,0.0
Morgan_426,0.0
Morgan_429,0.0
Morgan_411,0.0
Morgan_412,0.0
Morgan_414,0.0
Morgan_415,0.0
Morgan_417,0.0
Morgan_418,0.0
Morgan_421,0.0
Morgan_387,0.0
Morgan_388,0.0
Avalon_57,0.0
Avalon_58,0.0
Avalon_59,0.0
Avalon_60,0.0
Avalon_61,0.0
Avalon_63,0.0
Avalon_488,0.0
Avalon_94,0.0
Avalon_97,0.0
Avalon_100,0.0
Avalon_69,0.0
Avalon_70,0.0
Avalon_73,0.0
Avalon_74,0.0
Avalon_76,0.0
Avalon_77,0.0
Avalon_80,0.0
Avalon_81,0.0
Avalon_82,0.0
Avalon_84,0.0
Avalon_51,0.0
Avalon_52,0.0
Avalon_496,0.0
Avalon_110,0.0
Avalon_111,0.0
Avalon_112,0.0
Avalon_113,0.0
Avalon_114,0.0
Avalon_117,0.0
Avalon_118,0.0
Avalon_119,0.0
Avalon_85,0.0
Avalon_86,0.0
Avalon_87,0.0
Avalon_88,0.0
Avalon_89,0.0
Avalon_90,0.0
Avalon_92,0.0
Avalon_93,0.0
Avalon_138,0.0
Avalon_104,0.0
Morgan_390,0.0
Morgan_391,0.0
Avalon_497,0.0
Morgan_394,0.0
Morgan_396,0.0
Morgan_397,0.0
Morgan_400,0.0
Morgan_401,0.0
Morgan_403,0.0
Morgan_369,0.0
Avalon_486,0.0
Morgan_371,0.0
Avalon_107,0.0
Avalon_108,0.0
Avalon_121,0.0
Avalon_125,0.0
Morgan_372,0.0
Morgan_373,0.0
Morgan_375,0.0
Morgan_377,0.0
Morgan_379,0.0
Morgan_380,0.0
Morgan_382,0.0
Morgan_383,0.0
Morgan_385,0.0
Morgan_386,0.0
Morgan_352,0.0
Morgan_353,0.0
Avalon_135,0.0
Avalon_136,0.0
Morgan_356,0.0
Morgan_358,0.0
Morgan_359,0.0
Morgan_364,0.0
Morgan_365,0.0
Morgan_367,0.0
Morgan_368,0.0
Morgan_336,0.0
Avalon_145,0.0
Avalon_147,0.0
Avalon_149,0.0
Avalon_150,0.0
Avalon_151,0.0
Morgan_40,0.0
Morgan_43,0.0
Morgan_45,0.0
Avalon_173,0.0
Avalon_174,0.0
Avalon_175,0.0
Avalon_176,0.0
Avalon_504,0.0
Morgan_49,0.0
Morgan_50,0.0
Morgan_52,0.0
Morgan_54,0.0
Morgan_55,0.0
Avalon_152,0.0
Avalon_153,0.0
Avalon_155,0.0
Avalon_158,0.0
Avalon_505,0.0
Avalon_144,0.0
Avalon_506,0.0
Morgan_339,0.0
Morgan_340,0.0
Morgan_341,0.0
Morgan_343,0.0
Morgan_345,0.0
Morgan_346,0.0
Morgan_347,0.0
Morgan_348,0.0
Morgan_349,0.0
Morgan_127,0.0
Morgan_128,0.0
Avalon_165,0.0
Avalon_509,0.0
Avalon_167,0.0
Avalon_172,0.0
Morgan_131,0.0
Morgan_133,0.0
Morgan_135,0.0
Morgan_329,0.0
Morgan_330,0.0
Morgan_331,0.0
Morgan_332,0.0
Morgan_316,0.0
Morgan_318,0.0
Morgan_319,0.0
Avalon_181,0.0
Avalon_182,0.0
Avalon_186,0.0
Avalon_190,0.0
Avalon_192,0.0
Avalon_193,0.0
Avalon_225,0.0
Avalon_226,0.0
Avalon_228,0.0
Avalon_510,0.0
Avalon_494,0.0
Avalon_198,0.0
Avalon_199,0.0
Avalon_200,0.0
Avalon_201,0.0
Avalon_205,0.0
Avalon_208,0.0
Avalon_210,0.0
Avalon_179,0.0
Avalon_180,0.0
Morgan_129,0.0
Morgan_130,0.0
Morgan_323,0.0
Morgan_324,0.0
Morgan_325,0.0
Morgan_326,0.0
Morgan_327,0.0
Morgan_122,0.0
Morgan_123,0.0
Morgan_299,0.0
Morgan_300,0.0
Morgan_301,0.0
Avalon_215,0.0
Avalon_218,0.0
Avalon_219,0.0
Avalon_220,0.0
Avalon_222,0.0
Avalon_224,0.0
Avalon_260,0.0
Avalon_262,0.0
Avalon_230,0.0
Avalon_232,0.0
Avalon_235,0.0
Avalon_236,0.0
Avalon_237,0.0
Avalon_239,0.0
Avalon_241,0.0
Avalon_451,0.0
Avalon_245,0.0
Avalon_452,0.0
Avalon_211,0.0
Avalon_212,0.0
Avalon_214,0.0
Morgan_321,0.0
Morgan_304,0.0
Morgan_307,0.0
Avalon_453,0.0
Morgan_311,0.0
Morgan_312,0.0
Morgan_313,0.0
Morgan_314,0.0
Morgan_633,0.0
Morgan_278,0.0
Morgan_279,0.0
Avalon_251,0.0
Avalon_252,0.0
Avalon_254,0.0
Avalon_255,0.0
Avalon_258,0.0
Avalon_259,0.0
Avalon_293,0.0
Avalon_295,0.0
Avalon_299,0.0
Avalon_301,0.0
Avalon_264,0.0
Avalon_265,0.0
Avalon_267,0.0
Avalon_269,0.0
Avalon_270,0.0
Avalon_271,0.0
Avalon_274,0.0
Avalon_280,0.0
Avalon_281,0.0
Avalon_248,0.0
Avalon_250,0.0
Morgan_302,0.0
Avalon_284,0.0
Morgan_281,0.0
Morgan_282,0.0
Morgan_283,0.0
Morgan_286,0.0
Morgan_635,0.0
Morgan_288,0.0
Morgan_293,0.0
Morgan_296,0.0
Morgan_298,0.0
Morgan_261,0.0
Morgan_262,0.0
Avalon_285,0.0
Avalon_287,0.0
Avalon_289,0.0
Morgan_637,0.0
Avalon_303,0.0
Avalon_304,0.0
Morgan_264,0.0
Morgan_265,0.0
Morgan_267,0.0
Morgan_270,0.0
Morgan_271,0.0
Morgan_272,0.0
Morgan_275,0.0
Morgan_243,0.0
Avalon_310,0.0
Morgan_24,0.0
Morgan_25,0.0
Morgan_27,0.0
Morgan_28,0.0
Morgan_30,0.0
Morgan_32,0.0
Morgan_33,0.0
Morgan_246,0.0
Morgan_248,0.0
Morgan_254,0.0
Morgan_255,0.0
Morgan_256,0.0
Morgan_257,0.0
Morgan_258,0.0
Morgan_260,0.0
Morgan_229,0.0
Morgan_35,0.0
Morgan_37,0.0
Morgan_38,0.0
Morgan_39,0.0
Avalon_312,0.0
Morgan_234,0.0
Morgan_638,0.0
Morgan_237,0.0
Morgan_238,0.0
Morgan_239,0.0
Morgan_240,0.0
Morgan_241,0.0
Morgan_210,0.0
Morgan_211,0.0
Morgan_212,0.0
Avalon_327,0.0
Avalon_334,0.0
Avalon_336,0.0
Avalon_337,0.0
Avalon_338,0.0
Avalon_340,0.0
Morgan_225,0.0
Morgan_226,0.0
Morgan_194,0.0
Morgan_195,0.0
Avalon_344,0.0
Avalon_345,0.0
Avalon_349,0.0
Avalon_350,0.0
Morgan_642,0.0
Morgan_644,0.0
Avalon_354,0.0
Avalon_355,0.0
Avalon_356,0.0
Avalon_322,0.0
Avalon_323,0.0
Morgan_233,0.0
Avalon_385,0.0
Avalon_386,0.0
Avalon_387,0.0
Avalon_389,0.0
Avalon_359,0.0
Avalon_361,0.0
Avalon_362,0.0
Avalon_363,0.0
Avalon_371,0.0
Avalon_374,0.0
Avalon_342,0.0
Morgan_214,0.0
Morgan_215,0.0
Morgan_217,0.0
Morgan_223,0.0
Morgan_224,0.0
Avalon_375,0.0
Morgan_198,0.0
Morgan_199,0.0
Morgan_201,0.0
Morgan_202,0.0
Morgan_204,0.0
Morgan_205,0.0
Morgan_207,0.0
Morgan_208,0.0
Morgan_209,0.0
Morgan_177,0.0
Morgan_178,0.0
Morgan_179,0.0
Avalon_378,0.0
Avalon_380,0.0
Morgan_646,0.0
Morgan_181,0.0
Morgan_182,0.0
Morgan_183,0.0
Morgan_184,0.0
Morgan_187,0.0
Morgan_189,0.0
Morgan_191,0.0
Morgan_192,0.0
Morgan_161,0.0
Morgan_162,0.0
Avalon_399,0.0
Avalon_403,0.0
Avalon_404,0.0
Avalon_407,0.0
Avalon_408,0.0
Avalon_410,0.0
Avalon_426,0.0
Avalon_428,0.0
Avalon_429,0.0
Avalon_431,0.0
Avalon_413,0.0
Avalon_416,0.0
Avalon_418,0.0
Avalon_419,0.0
Morgan_647,0.0
Morgan_8,0.0
Morgan_9,0.0
Morgan_10,0.0
Morgan_648,0.0
Avalon_393,0.0
Morgan_615,0.0
Morgan_180,0.0
Morgan_617,0.0
Morgan_170,0.0
Morgan_171,0.0
Morgan_172,0.0
Morgan_173,0.0
Morgan_174,0.0
Morgan_176,0.0
Morgan_143,0.0
Morgan_145,0.0
Morgan_17,0.0
Morgan_18,0.0
Morgan_19,0.0
Morgan_22,0.0
Morgan_23,0.0
Avalon_424,0.0
Avalon_425,0.0
Avalon_464,0.0
Avalon_465,0.0
Avalon_434,0.0
Morgan_619,0.0
Avalon_438,0.0
Avalon_489,0.0
Avalon_501,0.0
Avalon_444,0.0
Avalon_503,0.0
Avalon_446,0.0
Avalon_447,0.0
Avalon_450,0.0
Morgan_14,0.0
Morgan_163,0.0
Morgan_166,0.0
Morgan_678,0.0
Morgan_679,0.0
Morgan_137,0.0
Morgan_681,0.0
Morgan_140,0.0
Morgan_141,0.0
Morgan_142,0.0
Avalon_478,0.0
Avalon_479,0.0
Avalon_470,0.0
Avalon_471,0.0
Morgan_0,0.0
Morgan_1,0.0
Morgan_6,0.0
Morgan_7,0.0
Avalon_474,0.0
Morgan_650,0.0
Morgan_146,0.0
Morgan_147,0.0
Morgan_149,0.0
Morgan_150,0.0
Morgan_151,0.0
Morgan_152,0.0
Morgan_154,0.0
Morgan_155,0.0
Morgan_157,0.0
Morgan_158,0.0
Morgan_159,0.0
Avalon_456,0.0
Avalon_457,0.0
Avalon_459,0.0
Avalon_460,0.0
Avalon_490,0.0
